catalyst,property
0,-0.91042
1,-1.00937
2,-1.31019
3,-0.94894
4,-1.21849
5,-0.84482
6,-0.81984
7,-0.32033
8,-0.25339
9,-0.27137